{
  "project_info": {
    "project_number": "141398033604",
    "project_id": "my3252-18d04",
    "storage_bucket": "my3252-18d04.appspot.com"
  },
  "client": [
    {
      "client_info": {
        "mobilesdk_app_id": "1:141398033604:android:d7d64abf3fc9bb5661f591",
        "android_client_info": {
          "package_name": "com.example.myapplication"
        }
      },
      "oauth_client": [],
      "api_key": [
        {
          "current_key": "AIzaSyBhR4EV7DAaiYBCQ5ejzwbngGySr-Gh0I8"
        }
      ],
      "services": {
        "appinvite_service": {
          "other_platform_oauth_client": []
        }
      }
    }
  ],
  "configuration_version": "1"
}